{"_runtime": 1142.69349527359, "_step": 53, "_timestamp": 1731336867.5289772, "eval/eval_loss": 1.5281813144683838, "eval/eval_model_preparation_time": 0.0036, "eval/eval_runtime": 0.1471, "eval/eval_samples_per_second": 135.984, "eval/eval_steps_per_second": 33.996, "iter": 2600, "train/eval_loss": 1.5281813144683838, "train/eval_model_preparation_time": 0.0036, "train/eval_runtime": 0.1471, "train/eval_samples_per_second": 135.984, "train/eval_steps_per_second": 33.996}