{"_runtime": 490.55831933021545, "_step": 23, "_timestamp": 1731336127.7915282, "eval/eval_loss": 1.6286386251449585, "eval/eval_model_preparation_time": 0.0008, "eval/eval_runtime": 0.0855, "eval/eval_samples_per_second": 233.851, "eval/eval_steps_per_second": 58.463, "iter": 1100, "train/eval_loss": 1.6286386251449585, "train/eval_model_preparation_time": 0.0008, "train/eval_runtime": 0.0855, "train/eval_samples_per_second": 233.851, "train/eval_steps_per_second": 58.463, "_wandb": {"runtime": 508}}