{"_runtime": 164.75015377998352, "_step": 143, "_timestamp": 1731336640.4715967, "eval/epoch": 10.0, "eval/eval_loss": 3.6677188873291016, "eval/eval_model_preparation_time": 0.0009, "eval/eval_runtime": 0.0256, "eval/eval_samples_per_second": 78.086, "eval/eval_steps_per_second": 39.043, "iter": 2200, "train/epoch": 10.0, "train/eval_loss": 3.6677188873291016, "train/eval_model_preparation_time": 0.0009, "train/eval_runtime": 0.0256, "train/eval_samples_per_second": 78.086, "train/eval_steps_per_second": 39.043, "train/grad_norm": 47.075111389160156, "train/learning_rate": 0.0, "train/loss": 1.5256, "train/total_flos": 8260301684736.0, "train/train_loss": 1.1350649146735667, "train/train_runtime": 9.5964, "train/train_samples_per_second": 41.682, "train/train_steps_per_second": 10.421, "_wandb": {"runtime": 151}}